id,productsId,image,createdAt,updatedAt,deletedAt
1,1,no-image.png,11/19/2025 8:07,11/19/2025 8:07,NULL
2,2,no-image.png,11/19/2025 8:07,11/19/2025 8:07,NULL
3,3,no-image.png,11/19/2025 8:07,11/19/2025 8:07,NULL
4,4,no-image.png,11/19/2025 8:07,11/19/2025 8:07,NULL
5,5,no-image.png,11/19/2025 8:07,11/19/2025 8:07,NULL
6,6,no-image.png,11/19/2025 8:07,11/19/2025 8:07,NULL
7,7,no-image.png,11/19/2025 8:07,11/19/2025 8:07,NULL
8,8,no-image.png,11/19/2025 8:07,11/19/2025 8:07,NULL
9,9,no-image.png,11/19/2025 8:07,11/19/2025 8:07,NULL
10,10,no-image.png,11/19/2025 8:07,11/19/2025 8:07,NULL
11,11,no-image.png,11/19/2025 8:07,11/19/2025 8:07,NULL
12,12,no-image.png,11/19/2025 8:07,11/19/2025 8:07,NULL
13,13,no-image.png,11/19/2025 8:07,11/19/2025 8:07,NULL
14,14,no-image.png,11/19/2025 8:07,11/19/2025 8:07,NULL
15,15,no-image.png,11/19/2025 8:07,11/19/2025 8:07,NULL
16,16,no-image.png,11/19/2025 8:07,11/19/2025 8:07,NULL
17,17,no-image.png,11/19/2025 8:07,11/19/2025 8:07,NULL
18,18,no-image.png,11/19/2025 8:07,11/19/2025 8:07,NULL
19,19,no-image.png,11/19/2025 8:07,11/19/2025 8:07,NULL
20,20,no-image.png,11/19/2025 8:07,11/19/2025 8:07,NULL
21,21,no-image.png,11/19/2025 8:07,11/19/2025 8:07,NULL
22,22,no-image.png,11/19/2025 8:07,11/19/2025 8:07,NULL
23,23,no-image.png,11/19/2025 8:07,11/19/2025 8:07,NULL
24,24,no-image.png,11/19/2025 8:07,11/19/2025 8:07,NULL
25,25,no-image.png,11/19/2025 8:07,11/19/2025 8:07,NULL
26,26,no-image.png,11/19/2025 8:07,11/19/2025 8:07,NULL
27,27,no-image.png,11/19/2025 8:07,11/19/2025 8:07,NULL
28,28,no-image.png,11/19/2025 8:07,11/19/2025 8:07,NULL
29,29,no-image.png,11/19/2025 8:07,11/19/2025 8:07,NULL
30,30,no-image.png,11/19/2025 8:07,11/19/2025 8:07,NULL
31,31,no-image.png,11/19/2025 8:07,11/19/2025 8:07,NULL
32,32,no-image.png,11/19/2025 8:07,11/19/2025 8:07,NULL
33,33,no-image.png,11/19/2025 8:07,11/19/2025 8:07,NULL
34,34,no-image.png,11/19/2025 8:07,11/19/2025 8:07,NULL
35,35,no-image.png,11/19/2025 8:07,11/19/2025 8:07,NULL
36,36,no-image.png,11/19/2025 8:07,11/19/2025 8:07,NULL
37,37,no-image.png,11/19/2025 8:07,11/19/2025 8:07,NULL
38,38,no-image.png,11/19/2025 8:07,11/19/2025 8:07,NULL
39,39,no-image.png,11/19/2025 8:07,11/19/2025 8:07,NULL
40,40,no-image.png,11/19/2025 8:07,11/19/2025 8:07,NULL
41,41,no-image.png,11/19/2025 8:07,11/19/2025 8:07,NULL
42,42,no-image.png,11/19/2025 8:07,11/19/2025 8:07,NULL
43,43,no-image.png,11/19/2025 8:07,11/19/2025 8:07,NULL
44,44,no-image.png,11/19/2025 8:07,11/19/2025 8:07,NULL
45,45,no-image.png,11/19/2025 8:07,11/19/2025 8:07,NULL
46,46,no-image.png,11/19/2025 8:07,11/19/2025 8:07,NULL
47,47,no-image.png,11/19/2025 8:07,11/19/2025 8:07,NULL
48,48,no-image.png,11/19/2025 8:07,11/19/2025 8:07,NULL
49,49,no-image.png,11/19/2025 8:07,11/19/2025 8:07,NULL
50,50,no-image.png,11/19/2025 8:07,11/19/2025 8:07,NULL
51,51,no-image.png,11/19/2025 8:07,11/19/2025 8:07,NULL
52,52,no-image.png,11/19/2025 8:07,11/19/2025 8:07,NULL
53,53,no-image.png,11/19/2025 8:07,11/19/2025 8:07,NULL
54,54,no-image.png,11/19/2025 8:07,11/19/2025 8:07,NULL
55,55,no-image.png,11/19/2025 8:07,11/19/2025 8:07,NULL
56,56,no-image.png,11/19/2025 8:07,11/19/2025 8:07,NULL
57,57,no-image.png,11/19/2025 8:07,11/19/2025 8:07,NULL
58,58,no-image.png,11/19/2025 8:07,11/19/2025 8:07,NULL
59,59,no-image.png,11/19/2025 8:07,11/19/2025 8:07,NULL
60,60,no-image.png,11/19/2025 8:07,11/19/2025 8:07,NULL
61,61,no-image.png,11/19/2025 8:07,11/19/2025 8:07,NULL
62,62,no-image.png,11/19/2025 8:07,11/19/2025 8:07,NULL
63,63,no-image.png,11/19/2025 8:07,11/19/2025 8:07,NULL
64,64,no-image.png,11/19/2025 8:07,11/19/2025 8:07,NULL
65,65,no-image.png,11/19/2025 8:07,11/19/2025 8:07,NULL
66,66,no-image.png,11/19/2025 8:07,11/19/2025 8:07,NULL
67,67,no-image.png,11/19/2025 8:07,11/19/2025 8:07,NULL
68,68,no-image.png,11/19/2025 8:07,11/19/2025 8:07,NULL
69,69,no-image.png,11/19/2025 8:07,11/19/2025 8:07,NULL
70,70,no-image.png,11/19/2025 8:07,11/19/2025 8:07,NULL
71,71,no-image.png,11/19/2025 8:07,11/19/2025 8:07,NULL
72,72,no-image.png,11/19/2025 8:07,11/19/2025 8:07,NULL
73,73,no-image.png,11/19/2025 8:07,11/19/2025 8:07,NULL
74,74,no-image.png,11/19/2025 8:07,11/19/2025 8:07,NULL
75,75,no-image.png,11/19/2025 8:07,11/19/2025 8:07,NULL
76,76,no-image.png,11/19/2025 8:07,11/19/2025 8:07,NULL
77,77,no-image.png,11/19/2025 8:07,11/19/2025 8:07,NULL
78,78,no-image.png,11/19/2025 8:07,11/19/2025 8:07,NULL
79,79,no-image.png,11/19/2025 8:07,11/19/2025 8:07,NULL
80,80,no-image.png,11/19/2025 8:07,11/19/2025 8:07,NULL
81,81,no-image.png,11/19/2025 8:07,11/19/2025 8:07,NULL
82,82,no-image.png,11/19/2025 8:07,11/19/2025 8:07,NULL
83,83,no-image.png,11/19/2025 8:07,11/19/2025 8:07,NULL
84,84,no-image.png,11/19/2025 8:07,11/19/2025 8:07,NULL
85,85,no-image.png,11/19/2025 8:07,11/19/2025 8:07,NULL
86,86,no-image.png,11/19/2025 8:07,11/19/2025 8:07,NULL
87,87,no-image.png,11/19/2025 8:07,11/19/2025 8:07,NULL
88,88,no-image.png,11/19/2025 8:07,11/19/2025 8:07,NULL
89,89,no-image.png,11/19/2025 8:07,11/19/2025 8:07,NULL
90,90,no-image.png,11/19/2025 8:07,11/19/2025 8:07,NULL
91,91,no-image.png,11/19/2025 8:07,11/19/2025 8:07,NULL
92,92,no-image.png,11/19/2025 8:07,11/19/2025 8:07,NULL
93,93,no-image.png,11/19/2025 8:07,11/19/2025 8:07,NULL
94,94,no-image.png,11/19/2025 8:07,11/19/2025 8:07,NULL
95,95,no-image.png,11/19/2025 8:07,11/19/2025 8:07,NULL
96,96,no-image.png,11/19/2025 8:07,11/19/2025 8:07,NULL
97,97,no-image.png,11/19/2025 8:07,11/19/2025 8:07,NULL
98,98,no-image.png,11/19/2025 8:07,11/19/2025 8:07,NULL
99,99,no-image.png,11/19/2025 8:07,11/19/2025 8:07,NULL
100,100,no-image.png,11/19/2025 8:07,11/19/2025 8:07,NULL
101,101,no-image.png,11/19/2025 8:07,11/19/2025 8:07,NULL
102,102,no-image.png,11/19/2025 8:07,11/19/2025 8:07,NULL
103,103,no-image.png,11/19/2025 8:07,11/19/2025 8:07,NULL
104,104,no-image.png,11/19/2025 8:07,11/19/2025 8:07,NULL
105,105,no-image.png,11/19/2025 8:07,11/19/2025 8:07,NULL
106,106,no-image.png,11/19/2025 8:07,11/19/2025 8:07,NULL
107,107,no-image.png,11/19/2025 8:07,11/19/2025 8:07,NULL
108,108,no-image.png,11/19/2025 8:07,11/19/2025 8:07,NULL
109,109,no-image.png,11/19/2025 8:07,11/19/2025 8:07,NULL
110,110,no-image.png,11/19/2025 8:07,11/19/2025 8:07,NULL
111,111,no-image.png,11/19/2025 8:07,11/19/2025 8:07,NULL
112,112,no-image.png,11/19/2025 8:07,11/19/2025 8:07,NULL
113,113,no-image.png,11/19/2025 8:07,11/19/2025 8:07,NULL
114,114,no-image.png,11/19/2025 8:07,11/19/2025 8:07,NULL
115,115,no-image.png,11/19/2025 8:07,11/19/2025 8:07,NULL
116,116,no-image.png,11/19/2025 8:07,11/19/2025 8:07,NULL
117,117,no-image.png,11/19/2025 8:07,11/19/2025 8:07,NULL
118,118,no-image.png,11/19/2025 8:07,11/19/2025 8:07,NULL
119,119,no-image.png,11/19/2025 8:07,11/19/2025 8:07,NULL
120,120,no-image.png,11/19/2025 8:07,11/19/2025 8:07,NULL
121,121,no-image.png,11/19/2025 8:07,11/19/2025 8:07,NULL
122,122,no-image.png,11/19/2025 8:07,11/19/2025 8:07,NULL
123,123,no-image.png,11/19/2025 8:07,11/19/2025 8:07,NULL
124,124,no-image.png,11/19/2025 8:07,11/19/2025 8:07,NULL
125,125,no-image.png,11/19/2025 8:07,11/19/2025 8:07,NULL
126,126,no-image.png,11/19/2025 8:07,11/19/2025 8:07,NULL
127,127,no-image.png,11/19/2025 8:07,11/19/2025 8:07,NULL
128,128,no-image.png,11/19/2025 8:07,11/19/2025 8:07,NULL
129,129,no-image.png,11/19/2025 8:07,11/19/2025 8:07,NULL
130,130,no-image.png,11/19/2025 8:07,11/19/2025 8:07,NULL
131,131,no-image.png,11/19/2025 8:07,11/19/2025 8:07,NULL
132,132,no-image.png,11/19/2025 8:07,11/19/2025 8:07,NULL
133,133,no-image.png,11/19/2025 8:07,11/19/2025 8:07,NULL
134,134,no-image.png,11/19/2025 8:07,11/19/2025 8:07,NULL
135,135,no-image.png,11/19/2025 8:07,11/19/2025 8:07,NULL
136,136,no-image.png,11/19/2025 8:07,11/19/2025 8:07,NULL
137,137,no-image.png,11/19/2025 8:07,11/19/2025 8:07,NULL
138,138,no-image.png,11/19/2025 8:07,11/19/2025 8:07,NULL
139,139,no-image.png,11/19/2025 8:07,11/19/2025 8:07,NULL
140,140,no-image.png,11/19/2025 8:07,11/19/2025 8:07,NULL
141,141,no-image.png,11/19/2025 8:07,11/19/2025 8:07,NULL
142,142,no-image.png,11/19/2025 8:07,11/19/2025 8:07,NULL
143,143,no-image.png,11/19/2025 8:07,11/19/2025 8:07,NULL
144,144,no-image.png,11/19/2025 8:07,11/19/2025 8:07,NULL
145,145,no-image.png,11/19/2025 8:07,11/19/2025 8:07,NULL
146,146,no-image.png,11/19/2025 8:07,11/19/2025 8:07,NULL
147,147,no-image.png,11/19/2025 8:07,11/19/2025 8:07,NULL
148,148,no-image.png,11/19/2025 8:07,11/19/2025 8:07,NULL
149,149,no-image.png,11/19/2025 8:07,11/19/2025 8:07,NULL
150,150,no-image.png,11/19/2025 8:07,11/19/2025 8:07,NULL
151,151,no-image.png,11/19/2025 8:07,11/19/2025 8:07,NULL
152,152,no-image.png,11/19/2025 8:07,11/19/2025 8:07,NULL
153,153,no-image.png,11/19/2025 8:07,11/19/2025 8:07,NULL
154,154,no-image.png,11/19/2025 8:07,11/19/2025 8:07,NULL
155,155,no-image.png,11/19/2025 8:07,11/19/2025 8:07,NULL
156,156,no-image.png,11/19/2025 8:07,11/19/2025 8:07,NULL
157,157,no-image.png,11/19/2025 8:07,11/19/2025 8:07,NULL
158,158,no-image.png,11/19/2025 8:07,11/19/2025 8:07,NULL
159,159,no-image.png,11/19/2025 8:07,11/19/2025 8:07,NULL
160,160,no-image.png,11/19/2025 8:07,11/19/2025 8:07,NULL
161,161,no-image.png,11/19/2025 8:07,11/19/2025 8:07,NULL
162,162,no-image.png,11/19/2025 8:07,11/19/2025 8:07,NULL
163,163,no-image.png,11/19/2025 8:07,11/19/2025 8:07,NULL
164,164,no-image.png,11/19/2025 8:07,11/19/2025 8:07,NULL
165,165,no-image.png,11/19/2025 8:07,11/19/2025 8:07,NULL
166,166,no-image.png,11/19/2025 8:07,11/19/2025 8:07,NULL
167,167,no-image.png,11/19/2025 8:07,11/19/2025 8:07,NULL
168,168,no-image.png,11/19/2025 8:07,11/19/2025 8:07,NULL
169,169,no-image.png,11/19/2025 8:07,11/19/2025 8:07,NULL
170,170,no-image.png,11/19/2025 8:07,11/19/2025 8:07,NULL
171,171,no-image.png,11/19/2025 8:07,11/19/2025 8:07,NULL
172,172,no-image.png,11/19/2025 8:07,11/19/2025 8:07,NULL
173,173,no-image.png,11/19/2025 8:07,11/19/2025 8:07,NULL
174,174,no-image.png,11/19/2025 8:07,11/19/2025 8:07,NULL
175,175,no-image.png,11/19/2025 8:07,11/19/2025 8:07,NULL
176,176,no-image.png,11/19/2025 8:07,11/19/2025 8:07,NULL
177,177,no-image.png,11/19/2025 8:07,11/19/2025 8:07,NULL
178,178,no-image.png,11/19/2025 8:07,11/19/2025 8:07,NULL
179,179,no-image.png,11/19/2025 8:07,11/19/2025 8:07,NULL
180,180,no-image.png,11/19/2025 8:07,11/19/2025 8:07,NULL
181,181,no-image.png,11/19/2025 8:07,11/19/2025 8:07,NULL
182,182,no-image.png,11/19/2025 8:07,11/19/2025 8:07,NULL
183,183,no-image.png,11/19/2025 8:07,11/19/2025 8:07,NULL
184,184,no-image.png,11/19/2025 8:07,11/19/2025 8:07,NULL
185,185,no-image.png,11/19/2025 8:07,11/19/2025 8:07,NULL
186,186,no-image.png,11/19/2025 8:07,11/19/2025 8:07,NULL
187,187,no-image.png,11/19/2025 8:07,11/19/2025 8:07,NULL
188,188,no-image.png,11/19/2025 8:07,11/19/2025 8:07,NULL
189,189,no-image.png,11/19/2025 8:07,11/19/2025 8:07,NULL
190,190,no-image.png,11/19/2025 8:07,11/19/2025 8:07,NULL
191,191,no-image.png,11/19/2025 8:07,11/19/2025 8:07,NULL
192,192,no-image.png,11/19/2025 8:07,11/19/2025 8:07,NULL
193,193,no-image.png,11/19/2025 8:07,11/19/2025 8:07,NULL
194,194,no-image.png,11/19/2025 8:07,11/19/2025 8:07,NULL
195,195,no-image.png,11/19/2025 8:07,11/19/2025 8:07,NULL
196,196,no-image.png,11/19/2025 8:07,11/19/2025 8:07,NULL
197,197,no-image.png,11/19/2025 8:07,11/19/2025 8:07,NULL
198,198,no-image.png,11/19/2025 8:07,11/19/2025 8:07,NULL
199,199,no-image.png,11/19/2025 8:07,11/19/2025 8:07,NULL
200,200,no-image.png,11/19/2025 8:07,11/19/2025 8:07,NULL
201,201,no-image.png,11/19/2025 8:07,11/19/2025 8:07,NULL
202,202,no-image.png,11/19/2025 8:07,11/19/2025 8:07,NULL
203,203,no-image.png,11/19/2025 8:07,11/19/2025 8:07,NULL
204,204,no-image.png,11/19/2025 8:07,11/19/2025 8:07,NULL
205,205,no-image.png,11/19/2025 8:07,11/19/2025 8:07,NULL
206,206,no-image.png,11/19/2025 8:07,11/19/2025 8:07,NULL
207,207,no-image.png,11/19/2025 8:07,11/19/2025 8:07,NULL
208,208,no-image.png,11/19/2025 8:07,11/19/2025 8:07,NULL
209,209,no-image.png,11/19/2025 8:07,11/19/2025 8:07,NULL
210,210,no-image.png,11/19/2025 8:07,11/19/2025 8:07,NULL
211,211,no-image.png,11/19/2025 8:07,11/19/2025 8:07,NULL
212,212,no-image.png,11/19/2025 8:07,11/19/2025 8:07,NULL
213,213,no-image.png,11/19/2025 8:07,11/19/2025 8:07,NULL
214,214,no-image.png,11/19/2025 8:07,11/19/2025 8:07,NULL
215,215,no-image.png,11/19/2025 8:07,11/19/2025 8:07,NULL
216,216,no-image.png,11/19/2025 8:07,11/19/2025 8:07,NULL
217,217,no-image.png,11/19/2025 8:07,11/19/2025 8:07,NULL
218,218,no-image.png,11/19/2025 8:07,11/19/2025 8:07,NULL
219,219,no-image.png,11/19/2025 8:07,11/19/2025 8:07,NULL
220,220,no-image.png,11/19/2025 8:07,11/19/2025 8:07,NULL
221,221,no-image.png,11/19/2025 8:07,11/19/2025 8:07,NULL
222,222,no-image.png,11/19/2025 8:07,11/19/2025 8:07,NULL
223,223,no-image.png,11/19/2025 8:07,11/19/2025 8:07,NULL
224,224,no-image.png,11/19/2025 8:07,11/19/2025 8:07,NULL
225,225,no-image.png,11/19/2025 8:07,11/19/2025 8:07,NULL
226,226,no-image.png,11/19/2025 8:07,11/19/2025 8:07,NULL
227,227,no-image.png,11/19/2025 8:07,11/19/2025 8:07,NULL
228,228,no-image.png,11/19/2025 8:07,11/19/2025 8:07,NULL
229,229,no-image.png,11/19/2025 8:07,11/19/2025 8:07,NULL
230,230,no-image.png,11/19/2025 8:07,11/19/2025 8:07,NULL
231,231,no-image.png,11/19/2025 8:07,11/19/2025 8:07,NULL
232,232,no-image.png,11/19/2025 8:07,11/19/2025 8:07,NULL
233,233,no-image.png,11/19/2025 8:07,11/19/2025 8:07,NULL
234,234,no-image.png,11/19/2025 8:07,11/19/2025 8:07,NULL
235,235,no-image.png,11/19/2025 8:07,11/19/2025 8:07,NULL
236,236,no-image.png,11/19/2025 8:07,11/19/2025 8:07,NULL
237,237,no-image.png,11/19/2025 8:07,11/19/2025 8:07,NULL
238,238,no-image.png,11/19/2025 8:07,11/19/2025 8:07,NULL
239,239,no-image.png,11/19/2025 8:07,11/19/2025 8:07,NULL
240,240,no-image.png,11/19/2025 8:07,11/19/2025 8:07,NULL
241,241,no-image.png,11/19/2025 8:07,11/19/2025 8:07,NULL
242,242,no-image.png,11/19/2025 8:07,11/19/2025 8:07,NULL
243,243,no-image.png,11/19/2025 8:07,11/19/2025 8:07,NULL
244,244,no-image.png,11/19/2025 8:07,11/19/2025 8:07,NULL
245,245,no-image.png,11/19/2025 8:07,11/19/2025 8:07,NULL
246,246,no-image.png,11/19/2025 8:07,11/19/2025 8:07,NULL
247,247,no-image.png,11/19/2025 8:07,11/19/2025 8:07,NULL
248,248,no-image.png,11/19/2025 8:07,11/19/2025 8:07,NULL
249,249,no-image.png,11/19/2025 8:07,11/19/2025 8:07,NULL
250,250,no-image.png,11/19/2025 8:07,11/19/2025 8:07,NULL
251,251,no-image.png,11/19/2025 8:07,11/19/2025 8:07,NULL
252,252,no-image.png,11/19/2025 8:07,11/19/2025 8:07,NULL
253,253,no-image.png,11/19/2025 8:07,11/19/2025 8:07,NULL
254,254,no-image.png,11/19/2025 8:07,11/19/2025 8:07,NULL
255,255,no-image.png,11/19/2025 8:07,11/19/2025 8:07,NULL
256,256,no-image.png,11/19/2025 8:07,11/19/2025 8:07,NULL
257,257,no-image.png,11/19/2025 8:07,11/19/2025 8:07,NULL
258,258,no-image.png,11/19/2025 8:07,11/19/2025 8:07,NULL
259,259,no-image.png,11/19/2025 8:07,11/19/2025 8:07,NULL
260,260,no-image.png,11/19/2025 8:07,11/19/2025 8:07,NULL
261,261,no-image.png,11/19/2025 8:07,11/19/2025 8:07,NULL
262,262,no-image.png,11/19/2025 8:07,11/19/2025 8:07,NULL
263,263,no-image.png,11/19/2025 8:07,11/19/2025 8:07,NULL
264,264,no-image.png,11/19/2025 8:07,11/19/2025 8:07,NULL
265,265,no-image.png,11/19/2025 8:07,11/19/2025 8:07,NULL
266,266,no-image.png,11/19/2025 8:07,11/19/2025 8:07,NULL
267,267,no-image.png,11/19/2025 8:07,11/19/2025 8:07,NULL
268,268,no-image.png,11/19/2025 8:07,11/19/2025 8:07,NULL
269,269,no-image.png,11/19/2025 8:07,11/19/2025 8:07,NULL
270,270,no-image.png,11/19/2025 8:07,11/19/2025 8:07,NULL
271,271,no-image.png,11/19/2025 8:07,11/19/2025 8:07,NULL
272,272,no-image.png,11/19/2025 8:07,11/19/2025 8:07,NULL
273,273,no-image.png,11/19/2025 8:07,11/19/2025 8:07,NULL
274,274,no-image.png,11/19/2025 8:07,11/19/2025 8:07,NULL
275,275,no-image.png,11/19/2025 8:07,11/19/2025 8:07,NULL
276,276,no-image.png,11/19/2025 8:07,11/19/2025 8:07,NULL
277,277,no-image.png,11/19/2025 8:07,11/19/2025 8:07,NULL
278,278,no-image.png,11/19/2025 8:07,11/19/2025 8:07,NULL
279,279,no-image.png,11/19/2025 8:07,11/19/2025 8:07,NULL
280,280,no-image.png,11/19/2025 8:07,11/19/2025 8:07,NULL
281,281,no-image.png,11/19/2025 8:07,11/19/2025 8:07,NULL
